"kbo_player_id","player_name","source_page_url","image_url","credit","license","redistributable","approved","local_filename","status","notes"
"61353","고종욱","","","","","0","0","","pending",""
"53609","곽도규","","","","","0","0","","pending",""
"76225","김건국","","","","","0","0","","pending",""
"66614","김규성","","","","","0","0","","pending",""
"69620","김기훈","","","","","0","0","","pending",""
"60337","김대유","","","","","0","0","","pending",""
"52605","김도영","","","","","0","0","","pending",""
"69745","김도현","","","","","0","0","","pending",""
"54645","김민주","","","","","0","0","","pending",""
"63894","김사윤","","","","","0","0","","pending",""
"67610","김석환","","","","","0","0","","pending",""
"78603","김선빈","","","","","0","0","","pending",""
"66492","김승현","","","","","0","0","","pending",""
"68928","김시훈","","","","","0","0","","pending",""
"55646","김정엽","","","","","0","0","","pending",""
"78122","김태군","","","","","0","0","","pending",""
"55610","김태형","","","","","0","0","","pending",""
"69516","김현수","","","","","0","0","","pending",""
"65653","김호령","","","","","0","0","","pending",""
"62947","나성범","","","","","0","0","","pending",""
"54640","네일","","","","","0","0","","pending",""
"50657","박민","","","","","0","0","","pending",""
"55636","박재현","","","","","0","0","","pending",""
"67609","박정우","","","","","0","0","","pending",""
"63638","박준표","","","","","0","0","","pending",""
"64646","박찬호","","","","","0","0","","pending",""
"55637","박헌","","","","","0","0","","pending",""
"69727","변우혁","","","","","0","0","","pending",""
"78168","서건창","","","","","0","0","","pending",""
"54610","성영탁","","","","","0","0","","pending",""
"55659","양수호","","","","","0","0","","pending",""
"77637","양현종","","","","","0","0","","pending",""
"69636","오선우","","","","","0","0","","pending",""
"55633","올러","","","","","0","0","","pending",""
"55645","위즈덤","","","","","0","0","","pending",""
"67640","유승철","","","","","0","0","","pending",""
"50604","유지성","","","","","0","0","","pending",""
"52667","윤도현","","","","","0","0","","pending",""
"53613","윤영철","","","","","0","0","","pending",""
"68619","윤중현","","","","","0","0","","pending",""
"53615","이도현","","","","","0","0","","pending",""
"55632","이성원","","","","","0","0","","pending",""
"51648","이의리","","","","","0","0","","pending",""
"65665","이준영","","","","","0","0","","pending",""
"64560","이창진","","","","","0","0","","pending",""
"62951","이형범","","","","","0","0","","pending",""
"55663","이호민","","","","","0","0","","pending",""
"62754","임기영","","","","","0","0","","pending",""
"50641","장재혁","","","","","0","0","","pending",""
"66609","전상현","","","","","0","0","","pending",""
"50662","정해영","","","","","0","0","","pending",""
"53659","정해원","","","","","0","0","","pending",""
"55926","정현창","","","","","0","0","","pending",""
"63342","조상우","","","","","0","0","","pending",""
"66354","주효상","","","","","0","0","","pending",""
"65464","최정용","","","","","0","0","","pending",""
"52639","최지민","","","","","0","0","","pending",""
"72443","최형우","","","","","0","0","","pending",""
"63722","한승택","","","","","0","0","","pending",""
"51994","한재승","","","","","0","0","","pending",""
"68646","한준수","","","","","0","0","","pending",""
"65610","황대인","","","","","0","0","","pending",""
"52641","황동하","","","","","0","0","","pending",""
"53006","강건","","","","","0","0","","pending",""
"69064","강민성","","","","","0","0","","pending",""
"68050","강백호","","","","","0","0","","pending",""
"50066","강현우","","","","","0","0","","pending",""
"64001","고영표","","","","","0","0","","pending",""
"51003","권동진","","","","","0","0","","pending",""
"51005","김건형","","","","","0","0","","pending",""
"55040","김동현","","","","","0","0","","pending",""
"54097","김민석","","","","","0","0","","pending",""
"65048","김민수","","","","","0","0","","pending",""
"64004","김민혁","","","","","0","0","","pending",""
"52002","김병준","","","","","0","0","","pending",""
"79402","김상수","","","","","0","0","","pending",""
"55043","김재원","","","","","0","0","","pending",""
"51299","김주완","","","","","0","0","","pending",""
"64007","문상철","","","","","0","0","","pending",""
"67419","문용익","","","","","0","0","","pending",""
"55046","박건우","","","","","0","0","","pending",""
"55004","박민석","","","","","0","0","","pending",""
"69056","박민석","","","","","0","0","","pending",""
"52060","박영현","","","","","0","0","","pending",""
"64166","배정대","","","","","0","0","","pending",""
"65516","배제성","","","","","0","0","","pending",""
"50109","성재헌","","","","","0","0","","pending",""
"50030","소형준","","","","","0","0","","pending",""
"69041","손동현","","","","","0","0","","pending",""
"64012","송민섭","","","","","0","0","","pending",""
"55013","스티븐슨","","","","","0","0","","pending",""
"67006","안치영","","","","","0","0","","pending",""
"52001","안현민","","","","","0","0","","pending",""
"55005","오서진","","","","","0","0","","pending",""
"50859","오원석","","","","","0","0","","pending",""
"64504","오윤석","","","","","0","0","","pending",""
"75334","오재일","","","","","0","0","","pending",""
"73117","우규민","","","","","0","0","","pending",""
"54063","원상현","","","","","0","0","","pending",""
"51013","유준규","","","","","0","0","","pending",""
"50092","윤준혁","","","","","0","0","","pending",""
"69054","이상동","","","","","0","0","","pending",""
"69068","이선우","","","","","0","0","","pending",""
"67048","이정현","","","","","0","0","","pending",""
"67644","이정훈","","","","","0","0","","pending",""
"68896","이채호","","","","","0","0","","pending",""
"69623","이태규","","","","","0","0","","pending",""
"54014","이현민","","","","","0","0","","pending",""
"68504","이호연","","","","","0","0","","pending",""
"69113","임준형","","","","","0","0","","pending",""
"78548","장성우","","","","","0","0","","pending",""
"64115","장준원","","","","","0","0","","pending",""
"66706","장진혁","","","","","0","0","","pending",""
"69047","전용주","","","","","0","0","","pending",""
"68089","조대현","","","","","0","0","","pending",""
"64768","조이현","","","","","0","0","","pending",""
"65060","주권","","","","","0","0","","pending",""
"79140","최동환","","","","","0","0","","pending",""
"51007","최성민","","","","","0","0","","pending",""
"50650","최용준","","","","","0","0","","pending",""
"55032","패트릭","","","","","0","0","","pending",""
"51058","한차현","","","","","0","0","","pending",""
"79240","허경민","","","","","0","0","","pending",""
"54354","헤이수스","","","","","0","0","","pending",""
"76313","황재균","","","","","0","0","","pending",""
"69100","구본혁","","","","","0","0","","pending",""
"77263","김강률","","","","","0","0","","pending",""
"66145","김대현","","","","","0","0","","pending",""
"64793","김민수","","","","","0","0","","pending",""
"53144","김범석","","","","","0","0","","pending",""
"52105","김성우","","","","","0","0","","pending",""
"69105","김성진","","","","","0","0","","pending",""
"55167","김영우","","","","","0","0","","pending",""
"68130","김영준","","","","","0","0","","pending",""
"64596","김유영","","","","","0","0","","pending",""
"55122","김종운","","","","","0","0","","pending",""
"66162","김주성","","","","","0","0","","pending",""
"65411","김주온","","","","","0","0","","pending",""
"62558","김준태","","","","","0","0","","pending",""
"75867","김진성","","","","","0","0","","pending",""
"51154","김진수","","","","","0","0","","pending",""
"76290","김현수","","","","","0","0","","pending",""
"54166","김현종","","","","","0","0","","pending",""
"69102","문보경","","","","","0","0","","pending",""
"68119","문성주","","","","","0","0","","pending",""
"52121","문정빈","","","","","0","0","","pending",""
"55164","박관우","","","","","0","0","","pending",""
"79365","박동원","","","","","0","0","","pending",""
"53139","박명근","","","","","0","0","","pending",""
"55121","박시원","","","","","0","0","","pending",""
"62415","박해민","","","","","0","0","","pending",""
"63145","배재준","","","","","0","0","","pending",""
"65109","백승현","","","","","0","0","","pending",""
"55160","서영준","","","","","0","0","","pending",""
"68159","성동현","","","","","0","0","","pending",""
"54156","손용준","","","","","0","0","","pending",""
"67143","손주영","","","","","0","0","","pending",""
"51111","송승기","","","","","0","0","","pending",""
"68110","송찬의","","","","","0","0","","pending",""
"65207","신민재","","","","","0","0","","pending",""
"61411","심창민","","","","","0","0","","pending",""
"65115","안익훈","","","","","0","0","","pending",""
"53123","오스틴","","","","","0","0","","pending",""
"79109","오지환","","","","","0","0","","pending",""
"51526","우강훈","","","","","0","0","","pending",""
"50106","유영찬","","","","","0","0","","pending",""
"51100","이영빈","","","","","0","0","","pending",""
"61145","이우찬","","","","","0","0","","pending",""
"69134","이정용","","","","","0","0","","pending",""
"50904","이종준","","","","","0","0","","pending",""
"52154","이주헌","","","","","0","0","","pending",""
"69108","이지강","","","","","0","0","","pending",""
"55165","이태훈","","","","","0","0","","pending",""
"55100","이한림","","","","","0","0","","pending",""
"61101","임찬규","","","","","0","0","","pending",""
"63950","장현식","","","","","0","0","","pending",""
"69159","정우영","","","","","0","0","","pending",""
"54148","진우영","","","","","0","0","","pending",""
"50054","천성호","","","","","0","0","","pending",""
"65905","최승민","","","","","0","0","","pending",""
"52103","최원영","","","","","0","0","","pending",""
"68419","최채흥","","","","","0","0","","pending",""
"55163","추세현","","","","","0","0","","pending",""
"55146","치리노스","","","","","0","0","","pending",""
"55130","톨허스트","","","","","0","0","","pending",""
"63248","함덕주","","","","","0","0","","pending",""
"50108","함창건","","","","","0","0","","pending",""
"53102","허용주","","","","","0","0","","pending",""
"52119","허준혁","","","","","0","0","","pending",""
"66108","홍창기","","","","","0","0","","pending",""
"54908","고승완","","","","","0","0","","pending",""
"65933","구창모","","","","","0","0","","pending",""
"63963","권희동","","","","","0","0","","pending",""
"52995","김녹원","","","","","0","0","","pending",""
"54913","김민규","","","","","0","0","","pending",""
"69980","김범준","","","","","0","0","","pending",""
"54905","김세훈","","","","","0","0","","pending",""
"68900","김영규","","","","","0","0","","pending",""
"64580","김재열","","","","","0","0","","pending",""
"51903","김정호","","","","","0","0","","pending",""
"51907","김주원","","","","","0","0","","pending",""
"67954","김진호","","","","","0","0","","pending",""
"50992","김태경","","","","","0","0","","pending",""
"67956","김태현","","","","","0","0","","pending",""
"55995","김태훈","","","","","0","0","","pending",""
"50902","김한별","","","","","0","0","","pending",""
"68912","김형준","","","","","0","0","","pending",""
"51344","김휘집","","","","","0","0","","pending",""
"54944","데이비슨","","","","","0","0","","pending",""
"66965","도태훈","","","","","0","0","","pending",""
"55903","라일리","","","","","0","0","","pending",""
"55912","로건","","","","","0","0","","pending",""
"65949","류진욱","","","","","0","0","","pending",""
"53973","목지훈","","","","","0","0","","pending",""
"79215","박건우","","","","","0","0","","pending",""
"62907","박민우","","","","","0","0","","pending",""
"62244","박세혁","","","","","0","0","","pending",""
"50996","박시원","","","","","0","0","","pending",""
"50906","박영빈","","","","","0","0","","pending",""
"68097","박주현","","","","","0","0","","pending",""
"64995","배재환","","","","","0","0","","pending",""
"66068","서의태","","","","","0","0","","pending",""
"69995","서호철","","","","","0","0","","pending",""
"67962","소이현","","","","","0","0","","pending",""
"54904","손주환","","","","","0","0","","pending",""
"69203","송승환","","","","","0","0","","pending",""
"68902","신민혁","","","","","0","0","","pending",""
"53919","신영우","","","","","0","0","","pending",""
"50901","안인산","","","","","0","0","","pending",""
"64022","안중열","","","","","0","0","","pending",""
"68904","오영수","","","","","0","0","","pending",""
"51996","오태양","","","","","0","0","","pending",""
"54906","원종해","","","","","0","0","","pending",""
"55997","이세민","","","","","0","0","","pending",""
"77211","이용찬","","","","","0","0","","pending",""
"63260","이우성","","","","","0","0","","pending",""
"60263","이재학","","","","","0","0","","pending",""
"52992","이준혁","","","","","0","0","","pending",""
"54900","임상현","","","","","0","0","","pending",""
"63959","임정호","","","","","0","0","","pending",""
"52902","임지민","","","","","0","0","","pending",""
"55993","장창훈","","","","","0","0","","pending",""
"69204","전루건","","","","","0","0","","pending",""
"69969","전사민","","","","","0","0","","pending",""
"52903","조민석","","","","","0","0","","pending",""
"67905","천재환","","","","","0","0","","pending",""
"66920","최성영","","","","","0","0","","pending",""
"54903","최우석","","","","","0","0","","pending",""
"66606","최원준","","","","","0","0","","pending",""
"69992","최정원","","","","","0","0","","pending",""
"68639","하준영","","","","","0","0","","pending",""
"64101","한석현","","","","","0","0","","pending",""
"50903","한재환","","","","","0","0","","pending",""
"55996","홍재문","","","","","0","0","","pending",""
"50600","홍종표","","","","","0","0","","pending",""
"51868","고명준","","","","","0","0","","pending",""
"51867","김건우","","","","","0","0","","pending",""
"77829","김광현","","","","","0","0","","pending",""
"54810","김규민","","","","","0","0","","pending",""
"68043","김민","","","","","0","0","","pending",""
"62864","김민식","","","","","0","0","","pending",""
"50848","김성민","","","","","0","0","","pending",""
"62934","김성욱","","","","","0","0","","pending",""
"76802","김성현","","","","","0","0","","pending",""
"67900","김수윤","","","","","0","0","","pending",""
"66917","김찬형","","","","","0","0","","pending",""
"69825","김창평","","","","","0","0","","pending",""
"52803","김태윤","","","","","0","0","","pending",""
"65343","김택형","","","","","0","0","","pending",""
"73211","노경은","","","","","0","0","","pending",""
"50868","류효승","","","","","0","0","","pending",""
"62869","문승원","","","","","0","0","","pending",""
"54802","박기호","","","","","0","0","","pending",""
"54807","박성빈","","","","","0","0","","pending",""
"67893","박성한","","","","","0","0","","pending",""
"50812","박시후","","","","","0","0","","pending",""
"51860","박정빈","","","","","0","0","","pending",""
"60841","박종훈","","","","","0","0","","pending",""
"54805","박지환","","","","","0","0","","pending",""
"69839","백승건","","","","","0","0","","pending",""
"61895","서진용","","","","","0","0","","pending",""
"52804","석정우","","","","","0","0","","pending",""
"53898","송영진","","","","","0","0","","pending",""
"66662","신범수","","","","","0","0","","pending",""
"55860","신지환","","","","","0","0","","pending",""
"66864","안상현","","","","","0","0","","pending",""
"54833","앤더슨","","","","","0","0","","pending",""
"53827","에레디아","","","","","0","0","","pending",""
"60558","오태곤","","","","","0","0","","pending",""
"64861","이건욱","","","","","0","0","","pending",""
"53892","이로운","","","","","0","0","","pending",""
"54806","이승민","","","","","0","0","","pending",""
"55832","이율예","","","","","0","0","","pending",""
"67807","이정범","","","","","0","0","","pending",""
"79456","이지영","","","","","0","0","","pending",""
"52807","임근우","","","","","0","0","","pending",""
"51895","장지훈","","","","","0","0","","pending",""
"52809","전영준","","","","","0","0","","pending",""
"66858","정동윤","","","","","0","0","","pending",""
"54812","정준재","","","","","0","0","","pending",""
"51897","조병현","","","","","0","0","","pending",""
"51865","조형우","","","","","0","0","","pending",""
"69804","채현우","","","","","0","0","","pending",""
"55890","천범석","","","","","0","0","","pending",""
"68856","최민준","","","","","0","0","","pending",""
"55894","최윤석","","","","","0","0","","pending",""
"75847","최정","","","","","0","0","","pending",""
"68868","최준우","","","","","0","0","","pending",""
"50854","최지훈","","","","","0","0","","pending",""
"54803","최현석","","","","","0","0","","pending",""
"69813","하재훈","","","","","0","0","","pending",""
"68092","한두솔","","","","","0","0","","pending",""
"62895","한유섬","","","","","0","0","","pending",""
"50840","현원회","","","","","0","0","","pending",""
"55897","홍대인","","","","","0","0","","pending",""
"55855","화이트","","","","","0","0","","pending",""
"63123","강승호","","","","","0","0","","pending",""
"51269","강현구","","","","","0","0","","pending",""
"72523","고효준","","","","","0","0","","pending",""
"68220","곽빈","","","","","0","0","","pending",""
"66112","김기연","","","","","0","0","","pending",""
"69238","김대한","","","","","0","0","","pending",""
"52267","김동준","","","","","0","0","","pending",""
"67246","김명신","","","","","0","0","","pending",""
"68200","김민규","","","","","0","0","","pending",""
"53554","김민석","","","","","0","0","","pending",""
"65269","김민혁","","","","","0","0","","pending",""
"55216","김성재","","","","","0","0","","pending",""
"53262","김유성","","","","","0","0","","pending",""
"63257","김인태","","","","","0","0","","pending",""
"78224","김재환","","","","","0","0","","pending",""
"68830","김정우","","","","","0","0","","pending",""
"55226","김준상","","","","","0","0","","pending",""
"54263","김택연","","","","","0","0","","pending",""
"55221","김한중","","","","","0","0","","pending",""
"68269","김호준","","","","","0","0","","pending",""
"54219","류현준","","","","","0","0","","pending",""
"64468","박계범","","","","","0","0","","pending",""
"53204","박민준","","","","","0","0","","pending",""
"51298","박성재","","","","","0","0","","pending",""
"68249","박신지","","","","","0","0","","pending",""
"65639","박정수","","","","","0","0","","pending",""
"55252","박준순","","","","","0","0","","pending",""
"66928","박준영","","","","","0","0","","pending",""
"54213","박지호","","","","","0","0","","pending",""
"50204","박지훈","","","","","0","0","","pending",""
"67266","박치국","","","","","0","0","","pending",""
"51203","안재석","","","","","0","0","","pending",""
"64153","양석환","","","","","0","0","","pending",""
"76232","양의지","","","","","0","0","","pending",""
"55215","양재훈","","","","","0","0","","pending",""
"54205","여동건","","","","","0","0","","pending",""
"50208","오명진","","","","","0","0","","pending",""
"52202","윤태호","","","","","0","0","","pending",""
"69205","이교훈","","","","","0","0","","pending",""
"52204","이병헌","","","","","0","0","","pending",""
"55224","이선우","","","","","0","0","","pending",""
"64805","이승진","","","","","0","0","","pending",""
"66291","이영하","","","","","0","0","","pending",""
"67207","이유찬","","","","","0","0","","pending",""
"54236","임종성","","","","","0","0","","pending",""
"63202","장승현","","","","","0","0","","pending",""
"55239","잭로그","","","","","0","0","","pending",""
"54214","전다민","","","","","0","0","","pending",""
"79231","정수빈","","","","","0","0","","pending",""
"50211","제환유","","","","","0","0","","pending",""
"66209","조수행","","","","","0","0","","pending",""
"52208","천현재","","","","","0","0","","pending",""
"55268","최민석","","","","","0","0","","pending",""
"51264","최승용","","","","","0","0","","pending",""
"67263","최원준","","","","","0","0","","pending",""
"50206","최종인","","","","","0","0","","pending",""
"53259","최준호","","","","","0","0","","pending",""
"52206","최지강","","","","","0","0","","pending",""
"68362","추재현","","","","","0","0","","pending",""
"55208","케이브","","","","","0","0","","pending",""
"55257","콜어빈","","","","","0","0","","pending",""
"61643","홍건희","","","","","0","0","","pending",""
"55267","홍민규","","","","","0","0","","pending",""
"66233","홍성호","","","","","0","0","","pending",""
"55258","황희천","","","","","0","0","","pending",""
"55532","감보아","","","","","0","0","","pending",""
"54506","강승구","","","","","0","0","","pending",""
"69517","고승민","","","","","0","0","","pending",""
"63543","구승민","","","","","0","0","","pending",""
"65522","김강현","","","","","0","0","","pending",""
"68585","김도규","","","","","0","0","","pending",""
"52504","김동혁","","","","","0","0","","pending",""
"55502","김동현","","","","","0","0","","pending",""
"77564","김민성","","","","","0","0","","pending",""
"76430","김상수","","","","","0","0","","pending",""
"52514","김세민","","","","","0","0","","pending",""
"62528","김원중","","","","","0","0","","pending",""
"51516","김진욱","","","","","0","0","","pending",""
"55566","김태현","","","","","0","0","","pending",""
"67539","나균안","","","","","0","0","","pending",""
"51551","나승엽","","","","","0","0","","pending",""
"62931","노진혁","","","","","0","0","","pending",""
"54529","레이예스","","","","","0","0","","pending",""
"55509","박건우","","","","","0","0","","pending",""
"64021","박세웅","","","","","0","0","","pending",""
"66047","박세진","","","","","0","0","","pending",""
"55568","박세현","","","","","0","0","","pending",""
"62802","박승욱","","","","","0","0","","pending",""
"60559","박시영","","","","","0","0","","pending",""
"55563","박재엽","","","","","0","0","","pending",""
"54503","박준우","","","","","0","0","","pending",""
"69594","박진","","","","","0","0","","pending",""
"63512","박진형","","","","","0","0","","pending",""
"55530","박찬형","","","","","0","0","","pending",""
"54507","백두산","","","","","0","0","","pending",""
"55526","벨라스케즈","","","","","0","0","","pending",""
"51528","손성빈","","","","","0","0","","pending",""
"50150","손호영","","","","","0","0","","pending",""
"51594","송재영","","","","","0","0","","pending",""
"68067","신병률","","","","","0","0","","pending",""
"69508","신윤후","","","","","0","0","","pending",""
"64017","심재민","","","","","0","0","","pending",""
"61102","유강남","","","","","0","0","","pending",""
"52591","윤동희","","","","","0","0","","pending",""
"67588","윤성빈","","","","","0","0","","pending",""
"52530","이민석","","","","","0","0","","pending",""
"51592","이병준","","","","","0","0","","pending",""
"55503","이영재","","","","","0","0","","pending",""
"50608","이인한","","","","","0","0","","pending",""
"55511","이태경","","","","","0","0","","pending",""
"54598","이호준","","","","","0","0","","pending",""
"68507","장두성","","","","","0","0","","pending",""
"68205","전민재","","","","","0","0","","pending",""
"78513","전준우","","","","","0","0","","pending",""
"68518","정보근","","","","","0","0","","pending",""
"68556","정성종","","","","","0","0","","pending",""
"51546","정우준","","","","","0","0","","pending",""
"68242","정철원","","","","","0","0","","pending",""
"54537","정현수","","","","","0","0","","pending",""
"60523","정훈","","","","","0","0","","pending",""
"52516","조세진","","","","","0","0","","pending",""
"76650","진해수","","","","","0","0","","pending",""
"50556","최준용","","","","","0","0","","pending",""
"62884","최항","","","","","0","0","","pending",""
"55506","한승현","","","","","0","0","","pending",""
"52568","한태양","","","","","0","0","","pending",""
"62363","한현희","","","","","0","0","","pending",""
"68260","현도훈","","","","","0","0","","pending",""
"50596","홍민기","","","","","0","0","","pending",""
"50500","황성빈","","","","","0","0","","pending",""
"55460","가라비토","","","","","0","0","","pending",""
"74540","강민호","","","","","0","0","","pending",""
"64610","강한울","","","","","0","0","","pending",""
"68407","공민규","","","","","0","0","","pending",""
"62404","구자욱","","","","","0","0","","pending",""
"55441","권현우","","","","","0","0","","pending",""
"61365","김대우","","","","","0","0","","pending",""
"54401","김대호","","","","","0","0","","pending",""
"69442","김도환","","","","","0","0","","pending",""
"68403","김무신","","","","","0","0","","pending",""
"72457","김민수","","","","","0","0","","pending",""
"67449","김성윤","","","","","0","0","","pending",""
"52430","김영웅","","","","","0","0","","pending",""
"65132","김재성","","","","","0","0","","pending",""
"65062","김재윤","","","","","0","0","","pending",""
"52424","김재혁","","","","","0","0","","pending",""
"50458","김지찬","","","","","0","0","","pending",""
"69207","김태근","","","","","0","0","","pending",""
"62360","김태훈","","","","","0","0","","pending",""
"65040","김태훈","","","","","0","0","","pending",""
"61404","김헌곤","","","","","0","0","","pending",""
"54400","디아즈","","","","","0","0","","pending",""
"62234","류지혁","","","","","0","0","","pending",""
"75125","박병호","","","","","0","0","","pending",""
"69418","박승규","","","","","0","0","","pending",""
"53411","박진우","","","","","0","0","","pending",""
"55455","배찬승","","","","","0","0","","pending",""
"77446","백정현","","","","","0","0","","pending",""
"73801","송은범","","","","","0","0","","pending",""
"55438","심재훈","","","","","0","0","","pending",""
"66406","안주형","","","","","0","0","","pending",""
"54408","양도근","","","","","0","0","","pending",""
"69403","양우현","","","","","0","0","","pending",""
"68415","양창섭","","","","","0","0","","pending",""
"61268","양현","","","","","0","0","","pending",""
"75421","오승환","","","","","0","0","","pending",""
"69446","원태인","","","","","0","0","","pending",""
"54404","육선엽","","","","","0","0","","pending",""
"68463","윤정빈","","","","","0","0","","pending",""
"69428","이병헌","","","","","0","0","","pending",""
"63960","이상민","","","","","0","0","","pending",""
"66409","이성규","","","","","0","0","","pending",""
"50464","이승민","","","","","0","0","","pending",""
"51454","이승현","","","","","0","0","","pending",""
"60146","이승현","","","","","0","0","","pending",""
"63492","이재익","","","","","0","0","","pending",""
"52415","이재현","","","","","0","0","","pending",""
"51460","이재희","","","","","0","0","","pending",""
"51407","이창용","","","","","0","0","","pending",""
"69416","이해승","","","","","0","0","","pending",""
"53455","이호성","","","","","0","0","","pending",""
"78352","임창민","","","","","0","0","","pending",""
"65586","전병우","","","","","0","0","","pending",""
"54467","정민성","","","","","0","0","","pending",""
"55435","차승준","","","","","0","0","","pending",""
"62146","최성훈","","","","","0","0","","pending",""
"65320","최원태","","","","","0","0","","pending",""
"67421","최지광","","","","","0","0","","pending",""
"66451","최충연","","","","","0","0","","pending",""
"68501","최하늘","","","","","0","0","","pending",""
"55440","함수호","","","","","0","0","","pending",""
"50430","홍원표","","","","","0","0","","pending",""
"67005","홍현빈","","","","","0","0","","pending",""
"50441","황동재","","","","","0","0","","pending",""
"53375","후라도","","","","","0","0","","pending",""
"54344","고영우","","","","","0","0","","pending",""
"55371","권혁빈","","","","","0","0","","pending",""
"53312","김건희","","","","","0","0","","pending",""
"53164","김동규","","","","","0","0","","pending",""
"66838","김동엽","","","","","0","0","","pending",""
"53344","김동헌","","","","","0","0","","pending",""
"50304","김병휘","","","","","0","0","","pending",""
"55359","김서준","","","","","0","0","","pending",""
"66018","김선기","","","","","0","0","","pending",""
"67828","김성민","","","","","0","0","","pending",""
"54368","김연주","","","","","0","0","","pending",""
"65898","김웅빈","","","","","0","0","","pending",""
"54319","김윤하","","","","","0","0","","pending",""
"69367","김인범","","","","","0","0","","pending",""
"62332","김재현","","","","","0","0","","pending",""
"64984","김태진","","","","","0","0","","pending",""
"55342","메르세데스","","","","","0","0","","pending",""
"53305","박성빈","","","","","0","0","","pending",""
"52305","박수종","","","","","0","0","","pending",""
"53301","박윤성","","","","","0","0","","pending",""
"55394","박정훈","","","","","0","0","","pending",""
"69328","박주성","","","","","0","0","","pending",""
"50357","박주홍","","","","","0","0","","pending",""
"68305","변상권","","","","","0","0","","pending",""
"53309","서유신","","","","","0","0","","pending",""
"54363","손현기","","","","","0","0","","pending",""
"55300","손힘찬","","","","","0","0","","pending",""
"65357","송성문","","","","","0","0","","pending",""
"54394","송지후","","","","","0","0","","pending",""
"68341","안우진","","","","","0","0","","pending",""
"69045","알칸타라","","","","","0","0","","pending",""
"67365","양지율","","","","","0","0","","pending",""
"55370","양현종","","","","","0","0","","pending",""
"55392","어준서","","","","","0","0","","pending",""
"55393","여동욱","","","","","0","0","","pending",""
"55339","염승원","","","","","0","0","","pending",""
"67116","오석주","","","","","0","0","","pending",""
"78756","오선진","","","","","0","0","","pending",""
"54307","원성준","","","","","0","0","","pending",""
"76118","원종현","","","","","0","0","","pending",""
"52395","윤석원","","","","","0","0","","pending",""
"55396","윤현","","","","","0","0","","pending",""
"50036","이강준","","","","","0","0","","pending",""
"74163","이용규","","","","","0","0","","pending",""
"75566","이원석","","","","","0","0","","pending",""
"54305","이재상","","","","","0","0","","pending",""
"50167","이주형","","","","","0","0","","pending",""
"51302","이주형","","","","","0","0","","pending",""
"55301","이준우","","","","","0","0","","pending",""
"78135","이형종","","","","","0","0","","pending",""
"64346","임병욱","","","","","0","0","","pending",""
"64340","임지열","","","","","0","0","","pending",""
"55382","임진묵","","","","","0","0","","pending",""
"54362","전준표","","","","","0","0","","pending",""
"55397","전태현","","","","","0","0","","pending",""
"55377","정세영","","","","","0","0","","pending",""
"55313","정현우","","","","","0","0","","pending",""
"69360","조영건","","","","","0","0","","pending",""
"69332","주성원","","","","","0","0","","pending",""
"52330","주승우","","","","","0","0","","pending",""
"76267","최주환","","","","","0","0","","pending",""
"54444","카디네스","","","","","0","0","","pending",""
"64350","하영민","","","","","0","0","","pending",""
"50705","강재민","","","","","0","0","","pending",""
"52769","권광민","","","","","0","0","","pending",""
"55764","권민규","","","","","0","0","","pending",""
"51715","김기중","","","","","0","0","","pending",""
"54705","김도빈","","","","","0","0","","pending",""
"65764","김민우","","","","","0","0","","pending",""
"65769","김범수","","","","","0","0","","pending",""
"53754","김서현","","","","","0","0","","pending",""
"50711","김승일","","","","","0","0","","pending",""
"66715","김인환","","","","","0","0","","pending",""
"63765","김종수","","","","","0","0","","pending",""
"66704","김태연","","","","","0","0","","pending",""
"69737","노시환","","","","","0","0","","pending",""
"76715","류현진","","","","","0","0","","pending",""
"55703","리베라토","","","","","0","0","","pending",""
"52701","문동주","","","","","0","0","","pending",""
"53764","문현빈","","","","","0","0","","pending",""
"66707","박상언","","","","","0","0","","pending",""
"67703","박상원","","","","","0","0","","pending",""
"50709","박정현","","","","","0","0","","pending",""
"52731","박준영","","","","","0","0","","pending",""
"51761","배동현","","","","","0","0","","pending",""
"69974","배민서","","","","","0","0","","pending",""
"55798","배승수","","","","","0","0","","pending",""
"77532","손아섭","","","","","0","0","","pending",""
"64006","심우준","","","","","0","0","","pending",""
"79608","안치홍","","","","","0","0","","pending",""
"65056","엄상백","","","","","0","0","","pending",""
"54755","와이스","","","","","0","0","","pending",""
"54702","원종혁","","","","","0","0","","pending",""
"69766","유로결","","","","","0","0","","pending",""
"63464","윤대경","","","","","0","0","","pending",""
"69213","윤산흠","","","","","0","0","","pending",""
"65703","이도윤","","","","","0","0","","pending",""
"65616","이민우","","","","","0","0","","pending",""
"55710","이민재","","","","","0","0","","pending",""
"65117","이상규","","","","","0","0","","pending",""
"52704","이상혁","","","","","0","0","","pending",""
"54706","이승현","","","","","0","0","","pending",""
"68700","이원석","","","","","0","0","","pending",""
"76812","이재원","","","","","0","0","","pending",""
"66657","이진영","","","","","0","0","","pending",""
"60768","이태양","","","","","0","0","","pending",""
"50704","임종찬","","","","","0","0","","pending",""
"51762","장규현","","","","","0","0","","pending",""
"79764","장민재","","","","","0","0","","pending",""
"77318","장시환","","","","","0","0","","pending",""
"69645","장지수","","","","","0","0","","pending",""
"51764","정민규","","","","","0","0","","pending",""
"55743","정우주","","","","","0","0","","pending",""
"54768","조동욱","","","","","0","0","","pending",""
"65707","주현상","","","","","0","0","","pending",""
"79192","채은성","","","","","0","0","","pending",""
"50707","최인호","","","","","0","0","","pending",""
"78288","최재훈","","","","","0","0","","pending",""
"55730","폰세","","","","","0","0","","pending",""
"62700","하주석","","","","","0","0","","pending",""
"61666","한승혁","","","","","0","0","","pending",""
"55767","한지윤","","","","","0","0","","pending",""
"52764","허인서","","","","","0","0","","pending",""
"54795","황영묵","","","","","0","0","","pending",""
"54729","황준서","","","","","0","0","","pending",""
